model,accuracy,f1,roc_auc
LogisticRegression,0.8852459016393442,0.8813559322033898,0.9664502164502166
RandomForest,0.8852459016393442,0.8813559322033898,0.9404761904761906
